{"master": [79.3607394695282], "buildkit": [77.14983749389648]}