{"master": [[77.50504755973816, 63.91462779045105, 0, 0], [77.43548226356506, 63.69679141044617, 0, 0], [78.33888125419617, 63.72274827957153, 0, 0], [77.53463673591614, 65.94556546211243, 0, 0], [77.80456113815308, 65.28466963768005, 0, 0], [78.59930109977722, 64.7827820777893, 0, 0], [77.49657464027405, 64.99103999137878, 0, 0], [77.40016460418701, 63.31409764289856, 0, 0], [79.5010232925415, 64.04691743850708, 0, 0], [77.43682169914246, 63.96512746810913, 0, 0]], "external": [[79.98173689842224, 63.517698764801025, 0, 0], [78.07716727256775, 62.892823219299316, 0, 0], [78.50631475448608, 63.45120716094971, 0, 0], [78.36302375793457, 64.20300650596619, 0, 0], [77.96886491775513, 65.22972202301025, 0, 0], [78.11622333526611, 65.30043339729309, 0, 0], [79.65837860107422, 65.04093790054321, 0, 0], [78.76682686805725, 63.790952920913696, 0, 0], [78.04097557067871, 63.5440092086792, 0, 0], [84.51185727119446, 63.4776771068573, 0, 0]]}