{
    "master": [
        [88.46083402633667, 60.80770015716553], 
        [81.20627975463867, 61.742289781570435], 
        [80.48770427703857, 61.65863299369812], 
        [79.7937843799591, 61.989102602005005], 
        [80.19867944717407, 62.07891917228699], 
        [80.83166098594666, 61.63426494598389], 
        [79.85313987731934, 61.49789261817932], 
        [79.9145016670227, 61.800947189331055], 
        [79.89409375190735, 60.949548959732056], 
        [80.07686591148376, 61.71755790710449]
    ], 
    "external": [[84.79012799263, 61.346490144729614], [82.67743992805481, 61.93471145629883], [82.44426894187927, 62.19067859649658], [82.51273512840271, 60.90957593917847], [82.69105195999146, 61.774447441101074], [82.89569425582886, 61.6207537651062], [82.2357964515686, 61.0756139755249], [84.27948236465454, 62.27654147148132], [82.55170583724976, 62.01669430732727], [82.35420846939087, 60.03670001029968]]}